{
  "lang":"en",
  "name":"pipeline",
  "version":"0.0.0",
  "spacy_version":">=3.8.11,<3.9.0",
  "description":"",
  "author":"",
  "email":"",
  "url":"",
  "license":"",
  "spacy_git_version":"e7a662a",
  "vectors":{
    "width":0,
    "vectors":0,
    "keys":0,
    "name":null,
    "mode":"default"
  },
  "labels":{
    "tok2vec":[

    ],
    "ner":[
      "ANATOMY",
      "CHEMICAL_DRUG",
      "DISEASE",
      "LAB_TEST",
      "MEDICAL_DEVICE",
      "ORGANISM",
      "OTHER",
      "PROCEDURE",
      "SIGN_SYMPTOM"
    ]
  },
  "pipeline":[
    "tok2vec",
    "ner"
  ],
  "components":[
    "tok2vec",
    "ner"
  ],
  "disabled":[

  ],
  "performance":{
    "ents_f":0.4100598668,
    "ents_p":0.4770552626,
    "ents_r":0.3595643428,
    "ents_per_type":{
      "OTHER":{
        "p":0.4745039581,
        "r":0.4860979463,
        "f":0.4802309853
      },
      "SIGN_SYMPTOM":{
        "p":0.4967105263,
        "r":0.0959644105,
        "f":0.1608521971
      },
      "CHEMICAL_DRUG":{
        "p":0.4950652658,
        "r":0.4165550496,
        "f":0.4524294443
      },
      "ANATOMY":{
        "p":0.4824399261,
        "r":0.2337139019,
        "f":0.3148846328
      },
      "PROCEDURE":{
        "p":0.4252116651,
        "r":0.1935760171,
        "f":0.2660388464
      },
      "ORGANISM":{
        "p":0.6341463415,
        "r":0.0373563218,
        "f":0.0705563094
      },
      "LAB_TEST":{
        "p":0.8039215686,
        "r":0.1017369727,
        "f":0.1806167401
      },
      "DISEASE":{
        "p":0.0,
        "r":0.0,
        "f":0.0
      },
      "MEDICAL_DEVICE":{
        "p":0.0,
        "r":0.0,
        "f":0.0
      }
    },
    "tok2vec_loss":1907.490598008,
    "ner_loss":29768.90234375
  }
}